<?xml version="1.0" encoding="UTF-8"?>
<!DOCTYPE fontscolors PUBLIC "-//NetBeans//DTD Editor Fonts and Colors settings 1.2//EN" "https://netbeans.apache.org/dtds/EditorFontsColors-1_2.dtd">
<fontscolors>
    <fontcolor name="mark-occurrences"/>
    <fontcolor foreColor="white" name="identifier">
        <font style="bold"/>
    </fontcolor>
    <fontcolor foreColor="fffecb94" name="string"/>
    <fontcolor default="identifier" foreColor="green" name="method"/>
    <fontcolor default="keyword" foreColor="green" name="markup-element"/>
    <fontcolor default="default" foreColor="white" name="entity-reference"/>
    <fontcolor foreColor="orange" name="separator">
        <font style="bold"/>
    </fontcolor>
    <fontcolor name="operator">
        <font style="bold"/>
    </fontcolor>
    <fontcolor name="url" underline="blue"/>
    <fontcolor foreColor="ffb206fa" name="number"/>
    <fontcolor bgColor="black" foreColor="white" name="default"/>
    <fontcolor foreColor="cyan" name="char"/>
    <fontcolor foreColor="gray" name="warning"/>
    <fontcolor foreColor="ff428bdd" name="comment">
        <font style="italic"/>
    </fontcolor>
    <fontcolor foreColor="green" name="keyword">
        <font style="bold"/>
    </fontcolor>
    <fontcolor name="whitespace"/>
</fontscolors>
