<?xml version="1.0" encoding="UTF-8"?>
<!DOCTYPE platform PUBLIC "-//NetBeans//DTD Java PlatformDefinition 1.0//EN" "http://www.netbeans.org/dtds/java-platformdefinition-1_0.dtd">
<platform default="no" name="JDK 11.0.11.j9-adpt">
    <jdkhome>
        <resource>file:/home/aluno/.sdkman/candidates/java/11.0.11.j9-adpt/</resource>
    </jdkhome>
    <properties>
        <property name="platform.ant.name" value="JDK_11.0.11.j9-adpt"/>
    </properties>
    <sysproperties>
        <property name="awt.toolkit" value="sun.awt.X11.XToolkit"/>
        <property name="com.ibm.cpu.endian" value="little"/>
        <property name="com.ibm.jcl.checkClassPath" value=""/>
        <property name="com.ibm.oti.configuration" value="scar"/>
        <property name="com.ibm.oti.shared.enabled" value="false"/>
        <property name="com.ibm.oti.vm.bootstrap.library.path" value="/home/aluno/.sdkman/candidates/java/11.0.11.j9-adpt/lib/default:/home/aluno/.sdkman/candidates/java/11.0.11.j9-adpt/lib"/>
        <property name="com.ibm.oti.vm.library.version" value="29"/>
        <property name="com.ibm.system.agent.path" value="/home/aluno/.sdkman/candidates/java/11.0.11.j9-adpt/lib"/>
        <property name="com.ibm.util.extralibs.properties" value=""/>
        <property name="com.ibm.vm.bitmode" value="64"/>
        <property name="file.encoding" value="UTF-8"/>
        <property name="file.encoding.pkg" value="sun.io"/>
        <property name="file.separator" value="/"/>
        <property name="ibm.signalhandling.rs" value="false"/>
        <property name="ibm.signalhandling.sigchain" value="true"/>
        <property name="ibm.signalhandling.sigint" value="true"/>
        <property name="ibm.system.encoding" value="UTF-8"/>
        <property name="java.awt.fonts" value=""/>
        <property name="java.awt.graphicsenv" value="sun.awt.X11GraphicsEnvironment"/>
        <property name="java.awt.printerjob" value="sun.print.PSPrinterJob"/>
        <property name="java.class.path" value=""/>
        <property name="java.class.version" value="55.0"/>
        <property name="java.compiler" value="j9jit29"/>
        <property name="java.fullversion" value="11.0.11+9&#10;JRE 11 Linux amd64-64-Bit Compressed References 20210421_975 (JIT enabled, AOT enabled)&#10;OpenJ9   - b4cc246d9&#10;OMR      - 162e6f729&#10;JCL      - 7796c80419 based on jdk-11.0.11+9"/>
        <property name="java.home" value="/home/aluno/.sdkman/candidates/java/11.0.11.j9-adpt"/>
        <property name="java.io.tmpdir" value="/tmp"/>
        <property name="java.library.path" value="/home/aluno/.sdkman/candidates/java/11.0.11.j9-adpt/lib/default:/home/aluno/.sdkman/candidates/java/11.0.11.j9-adpt/lib:/usr/lib64:/usr/lib"/>
        <property name="java.runtime.name" value="OpenJDK Runtime Environment"/>
        <property name="java.runtime.version" value="11.0.11+9"/>
        <property name="java.specification.name" value="Java Platform API Specification"/>
        <property name="java.specification.vendor" value="Oracle Corporation"/>
        <property name="java.specification.version" value="11"/>
        <property name="java.vendor" value="AdoptOpenJDK"/>
        <property name="java.vendor.url" value="https://adoptopenjdk.net/"/>
        <property name="java.vendor.url.bug" value="https://github.com/AdoptOpenJDK/openjdk-support/issues"/>
        <property name="java.vendor.version" value="AdoptOpenJDK-11.0.11+9"/>
        <property name="java.version" value="11.0.11"/>
        <property name="java.version.date" value="2021-04-20"/>
        <property name="java.vm.info" value="JRE 11 Linux amd64-64-Bit Compressed References 20210421_975 (JIT enabled, AOT enabled)&#10;OpenJ9   - b4cc246d9&#10;OMR      - 162e6f729&#10;JCL      - 7796c80419 based on jdk-11.0.11+9"/>
        <property name="java.vm.name" value="Eclipse OpenJ9 VM"/>
        <property name="java.vm.specification.name" value="Java Virtual Machine Specification"/>
        <property name="java.vm.specification.vendor" value="Oracle Corporation"/>
        <property name="java.vm.specification.version" value="11"/>
        <property name="java.vm.vendor" value="Eclipse OpenJ9"/>
        <property name="java.vm.version" value="openj9-0.26.0"/>
        <property name="jdk.extensions.name" value="Extensions for OpenJDK for Eclipse OpenJ9"/>
        <property name="jdk.extensions.version" value="11.0.11.0"/>
        <property name="line.separator" value="&#10;"/>
        <property name="os.arch" value="amd64"/>
        <property name="os.encoding" value="UTF-8"/>
        <property name="os.name" value="Linux"/>
        <property name="os.version" value="5.11.0-43-generic"/>
        <property name="path.separator" value=":"/>
        <property name="sun.arch.data.model" value="64"/>
        <property name="sun.boot.library.path" value="/home/aluno/.sdkman/candidates/java/11.0.11.j9-adpt/lib/default:/home/aluno/.sdkman/candidates/java/11.0.11.j9-adpt/lib"/>
        <property name="sun.cpu.endian" value="little"/>
        <property name="sun.desktop" value="gnome"/>
        <property name="sun.io.unicode.encoding" value="UnicodeLittle"/>
        <property name="sun.java.command" value="J2SEPlatformProbe /tmp/nb-platformdetect15097549976279202015properties"/>
        <property name="sun.java.launcher" value="SUN_STANDARD"/>
        <property name="sun.java.launcher.pid" value="5831"/>
        <property name="sun.jnu.encoding" value="UTF-8"/>
        <property name="user.country" value="BR"/>
        <property name="user.dir" value=""/>
        <property name="user.home" value="/home/aluno"/>
        <property name="user.language" value="pt"/>
        <property name="user.name" value="aluno"/>
        <property name="user.timezone" value="America/Sao_Paulo"/>
        <property name="user.variant" value=""/>
    </sysproperties>
</platform>
